task,task_root,episode_index,num_frames,memory_segments,missing_frames,missing_ranges,is_full_coverage
battery_try,/mnt/workspace/InfiData/Rmbench_infi/battery_try,0,668,"0-478,479-666",1,667,False
battery_try,/mnt/workspace/InfiData/Rmbench_infi/battery_try,1,665,"0-478,479-663",1,664,False
battery_try,/mnt/workspace/InfiData/Rmbench_infi/battery_try,2,662,"0-478,479-661",0,,True
battery_try,/mnt/workspace/InfiData/Rmbench_infi/battery_try,3,458,0-456,1,457,False
battery_try,/mnt/workspace/InfiData/Rmbench_infi/battery_try,4,658,"0-254,255-485,486-657",0,,True
battery_try,/mnt/workspace/InfiData/Rmbench_infi/battery_try,5,886,"0-190,191-478,479-695",190,696-885,False
battery_try,/mnt/workspace/InfiData/Rmbench_infi/battery_try,6,463,0-461,1,462,False
battery_try,/mnt/workspace/InfiData/Rmbench_infi/battery_try,7,671,"0-190,191-478,479-670",0,,True
battery_try,/mnt/workspace/InfiData/Rmbench_infi/battery_try,8,865,"0-62,63-478,479-683,684-864",0,,True
battery_try,/mnt/workspace/InfiData/Rmbench_infi/battery_try,9,670,"0-239,240-478,479-669",0,,True
battery_try,/mnt/workspace/InfiData/Rmbench_infi/battery_try,10,871,"0-334,335-478,479-590,591-688",182,689-870,False
battery_try,/mnt/workspace/InfiData/Rmbench_infi/battery_try,11,466,0-464,1,465,False
battery_try,/mnt/workspace/InfiData/Rmbench_infi/battery_try,12,473,"0-187,188-282",190,283-472,False
battery_try,/mnt/workspace/InfiData/Rmbench_infi/battery_try,13,674,"0-62,63-478,479-673",0,,True
battery_try,/mnt/workspace/InfiData/Rmbench_infi/battery_try,14,871,"0-286,287-713",157,714-870,False
battery_try,/mnt/workspace/InfiData/Rmbench_infi/battery_try,15,471,"0-249,250-469",1,470,False
battery_try,/mnt/workspace/InfiData/Rmbench_infi/battery_try,16,663,"0-62,63-446,447-662",0,,True
battery_try,/mnt/workspace/InfiData/Rmbench_infi/battery_try,17,476,"0-284,285-475",0,,True
battery_try,/mnt/workspace/InfiData/Rmbench_infi/battery_try,18,889,"0-239,240-478,479-887",1,888,False
battery_try,/mnt/workspace/InfiData/Rmbench_infi/battery_try,19,868,"0-239,240-478,479-686,687-866",1,867,False
battery_try,/mnt/workspace/InfiData/Rmbench_infi/battery_try,20,868,"0-191,192-685,686-867",0,,True
battery_try,/mnt/workspace/InfiData/Rmbench_infi/battery_try,21,468,0-466,1,467,False
battery_try,/mnt/workspace/InfiData/Rmbench_infi/battery_try,22,876,0-689,186,690-875,False
battery_try,/mnt/workspace/InfiData/Rmbench_infi/battery_try,23,475,"0-283,284-474",0,,True
battery_try,/mnt/workspace/InfiData/Rmbench_infi/battery_try,24,665,"0-222,223-323,324-446,447-606,607-664",0,,True
battery_try,/mnt/workspace/InfiData/Rmbench_infi/battery_try,25,465,0-463,1,464,False
battery_try,/mnt/workspace/InfiData/Rmbench_infi/battery_try,26,466,"0-278,279-465",0,,True
battery_try,/mnt/workspace/InfiData/Rmbench_infi/battery_try,27,667,"0-190,191-665",1,666,False
battery_try,/mnt/workspace/InfiData/Rmbench_infi/battery_try,28,887,"0-587,588-718",168,719-886,False
battery_try,/mnt/workspace/InfiData/Rmbench_infi/battery_try,29,873,"0-190,191-688",184,689-872,False
battery_try,/mnt/workspace/InfiData/Rmbench_infi/battery_try,30,863,"0-222,223-682,683-862",0,,True
battery_try,/mnt/workspace/InfiData/Rmbench_infi/battery_try,31,726,"0-190,191-478,479-721",4,722-725,False
battery_try,/mnt/workspace/InfiData/Rmbench_infi/battery_try,32,468,0-466,1,467,False
battery_try,/mnt/workspace/InfiData/Rmbench_infi/battery_try,33,678,"0-478,479-676",1,677,False
battery_try,/mnt/workspace/InfiData/Rmbench_infi/battery_try,34,696,"0-190,191-478,479-694",1,695,False
battery_try,/mnt/workspace/InfiData/Rmbench_infi/battery_try,35,469,0-217,251,218-468,False
battery_try,/mnt/workspace/InfiData/Rmbench_infi/battery_try,36,655,0-654,0,,True
battery_try,/mnt/workspace/InfiData/Rmbench_infi/battery_try,37,871,"0-493,494-686,687-870",0,,True
battery_try,/mnt/workspace/InfiData/Rmbench_infi/battery_try,38,861,"0-62,63-446,447-658,659-860",0,,True
battery_try,/mnt/workspace/InfiData/Rmbench_infi/battery_try,39,469,0-467,1,468,False
battery_try,/mnt/workspace/InfiData/Rmbench_infi/battery_try,40,872,"0-62,63-318,319-687,688-871",0,,True
battery_try,/mnt/workspace/InfiData/Rmbench_infi/battery_try,41,874,"0-239,240-493,494-686,687-873",0,,True
battery_try,/mnt/workspace/InfiData/Rmbench_infi/battery_try,42,471,"0-187,188-469",1,470,False
battery_try,/mnt/workspace/InfiData/Rmbench_infi/battery_try,43,469,"0-186,187-279,280-468",0,,True
battery_try,/mnt/workspace/InfiData/Rmbench_infi/battery_try,44,858,"0-284,285-494,495-656,657-857",0,,True
battery_try,/mnt/workspace/InfiData/Rmbench_infi/battery_try,45,654,"0-478,479-653",0,,True
battery_try,/mnt/workspace/InfiData/Rmbench_infi/battery_try,46,674,"0-62,63-446,447-673",0,,True
battery_try,/mnt/workspace/InfiData/Rmbench_infi/battery_try,47,462,0-460,1,461,False
battery_try,/mnt/workspace/InfiData/Rmbench_infi/battery_try,48,456,"0-181,182-454",1,455,False
battery_try,/mnt/workspace/InfiData/Rmbench_infi/battery_try,49,868,"0-62,63-239,240-478,479-685,686-866",1,867,False
blocks_ranking_try,/mnt/workspace/InfiData/Rmbench_infi/blocks_ranking_try,0,1030,"0-222,223-479,480-719,720-1029",0,,True
blocks_ranking_try,/mnt/workspace/InfiData/Rmbench_infi/blocks_ranking_try,1,1960,"0-29,30-222,223-719,720-958,959-1438,1439-1678,1679-1886,1887-1959",0,,True
blocks_ranking_try,/mnt/workspace/InfiData/Rmbench_infi/blocks_ranking_try,2,1954,"0-478,479-718,719-958,959-1199,1200-1678,1679-1933",20,1934-1953,False
blocks_ranking_try,/mnt/workspace/InfiData/Rmbench_infi/blocks_ranking_try,3,1953,"0-239,240-478,479-719,720-1438,1439-1814,1815-1952",0,,True
blocks_ranking_try,/mnt/workspace/InfiData/Rmbench_infi/blocks_ranking_try,4,2430,"0-222,223-702,703-878,960-1886,1887-2158,2159-2398,2399-2429",81,879-959,False
blocks_ranking_try,/mnt/workspace/InfiData/Rmbench_infi/blocks_ranking_try,5,556,"0-222,223-555",0,,True
blocks_ranking_try,/mnt/workspace/InfiData/Rmbench_infi/blocks_ranking_try,6,2435,"0-29,30-190,191-718,719-913,914-1198,1199-1358,1359-1453,1454-1614,1615-2158,2159-2398,2399-2434",0,,True
blocks_ranking_try,/mnt/workspace/InfiData/Rmbench_infi/blocks_ranking_try,7,1030,"0-222,223-718,719-958,959-1029",0,,True
blocks_ranking_try,/mnt/workspace/InfiData/Rmbench_infi/blocks_ranking_try,8,556,"0-222,223-470,471-555",0,,True
blocks_ranking_try,/mnt/workspace/InfiData/Rmbench_infi/blocks_ranking_try,9,557,"0-478,479-556",0,,True
blocks_ranking_try,/mnt/workspace/InfiData/Rmbench_infi/blocks_ranking_try,10,553,"0-222,223-466,467-552",0,,True
blocks_ranking_try,/mnt/workspace/InfiData/Rmbench_infi/blocks_ranking_try,11,2431,"0-479,480-718,719-1439,1440-1678,1679-2159,2160-2398,2399-2430",0,,True
blocks_ranking_try,/mnt/workspace/InfiData/Rmbench_infi/blocks_ranking_try,12,2433,"0-718,719-958,959-1422,1423-1679,1680-1919,1920-2111,2112-2270,2271-2398,2399-2432",0,,True
blocks_ranking_try,/mnt/workspace/InfiData/Rmbench_infi/blocks_ranking_try,13,1488,"0-222,223-718,719-958,959-1198,1199-1410",77,1411-1487,False
blocks_ranking_try,/mnt/workspace/InfiData/Rmbench_infi/blocks_ranking_try,14,557,"0-239,240-556",0,,True
blocks_ranking_try,/mnt/workspace/InfiData/Rmbench_infi/blocks_ranking_try,15,1495,"0-222,223-431,432-719,720-1199,1200-1410,1411-1494",0,,True
blocks_ranking_try,/mnt/workspace/InfiData/Rmbench_infi/blocks_ranking_try,16,556,"0-29,30-191,192-350,351-555",0,,True
blocks_ranking_try,/mnt/workspace/InfiData/Rmbench_infi/blocks_ranking_try,17,1030,"0-239,240-478,479-883,884-958,959-1029",0,,True
blocks_ranking_try,/mnt/workspace/InfiData/Rmbench_infi/blocks_ranking_try,18,2431,"0-29,30-191,192-702,703-1198,1199-1678,1679-2158,2159-2341,2342-2430",0,,True
blocks_ranking_try,/mnt/workspace/InfiData/Rmbench_infi/blocks_ranking_try,19,558,"0-239,240-478,479-557",0,,True
blocks_ranking_try,/mnt/workspace/InfiData/Rmbench_infi/blocks_ranking_try,20,2428,"0-479,480-769,770-943,944-1102,1103-1358,1359-1439,1440-1566,1567-1694,1695-1822,1823-2142,2143-2337,2338-2427",0,,True
blocks_ranking_try,/mnt/workspace/InfiData/Rmbench_infi/blocks_ranking_try,21,2428,"0-222,223-718,719-856,857-1086,1200-1678,1679-2159,2160-2339,2340-2427",113,1087-1199,False
blocks_ranking_try,/mnt/workspace/InfiData/Rmbench_infi/blocks_ranking_try,22,2429,"0-222,223-719,720-958,959-1358,1359-1439,1440-2158,2159-2342,2343-2428",0,,True
blocks_ranking_try,/mnt/workspace/InfiData/Rmbench_infi/blocks_ranking_try,23,1032,"0-222,223-462,463-719,720-1031",0,,True
blocks_ranking_try,/mnt/workspace/InfiData/Rmbench_infi/blocks_ranking_try,24,1031,"0-430,431-719,720-958,959-1030",0,,True
blocks_ranking_try,/mnt/workspace/InfiData/Rmbench_infi/blocks_ranking_try,25,1949,"0-702,703-878,879-974,975-1070,1071-1166,1167-1438,1439-1678,1679-1918,1919-1948",0,,True
blocks_ranking_try,/mnt/workspace/InfiData/Rmbench_infi/blocks_ranking_try,26,1027,"0-256,257-702,703-943",83,944-1026,False
blocks_ranking_try,/mnt/workspace/InfiData/Rmbench_infi/blocks_ranking_try,27,1961,"0-222,223-719,720-958,959-1198,1199-1438,1439-1678,1679-1825,1826-1940",20,1941-1960,False
blocks_ranking_try,/mnt/workspace/InfiData/Rmbench_infi/blocks_ranking_try,28,556,"0-222,223-555",0,,True
blocks_ranking_try,/mnt/workspace/InfiData/Rmbench_infi/blocks_ranking_try,29,2431,"0-239,240-856,960-1199,1200-1394,1395-1554,1555-1919,1920-2339,2340-2430",103,857-959,False
blocks_ranking_try,/mnt/workspace/InfiData/Rmbench_infi/blocks_ranking_try,30,1491,"0-222,223-622,623-878,879-958,959-1344,1345-1490",0,,True
blocks_ranking_try,/mnt/workspace/InfiData/Rmbench_infi/blocks_ranking_try,31,1029,"0-29,30-239,240-478,479-883,884-958",70,959-1028,False
blocks_ranking_try,/mnt/workspace/InfiData/Rmbench_infi/blocks_ranking_try,32,1490,"0-718,719-958,959-1392,1393-1489",0,,True
blocks_ranking_try,/mnt/workspace/InfiData/Rmbench_infi/blocks_ranking_try,33,1490,"0-222,223-878,879-958,959-1430,1431-1489",0,,True
blocks_ranking_try,/mnt/workspace/InfiData/Rmbench_infi/blocks_ranking_try,34,1031,"0-239,240-719,720-1030",0,,True
blocks_ranking_try,/mnt/workspace/InfiData/Rmbench_infi/blocks_ranking_try,35,1030,"0-260,261-719,720-958,959-1029",0,,True
blocks_ranking_try,/mnt/workspace/InfiData/Rmbench_infi/blocks_ranking_try,36,1958,"0-29,30-158,159-286,287-414,415-718,719-913,914-1422,1423-1957",0,,True
blocks_ranking_try,/mnt/workspace/InfiData/Rmbench_infi/blocks_ranking_try,37,1493,"0-222,223-622,623-911,912-1464,1465-1492",0,,True
blocks_ranking_try,/mnt/workspace/InfiData/Rmbench_infi/blocks_ranking_try,38,1489,"0-718,719-958,959-1333,1334-1438,1439-1488",0,,True
blocks_ranking_try,/mnt/workspace/InfiData/Rmbench_infi/blocks_ranking_try,39,554,"0-222,223-553",0,,True
blocks_ranking_try,/mnt/workspace/InfiData/Rmbench_infi/blocks_ranking_try,40,1499,"0-222,223-798,799-910,911-1198,1199-1438,1439-1498",0,,True
blocks_ranking_try,/mnt/workspace/InfiData/Rmbench_infi/blocks_ranking_try,41,2430,"0-222,223-718,719-958,959-1199,1200-1439,1440-2159,2160-2343,2344-2429",0,,True
blocks_ranking_try,/mnt/workspace/InfiData/Rmbench_infi/blocks_ranking_try,42,1031,"0-239,240-479,480-719,720-958,959-1030",0,,True
blocks_ranking_try,/mnt/workspace/InfiData/Rmbench_infi/blocks_ranking_try,43,2428,"0-222,223-479,480-718,719-878,879-1199,1200-1438,1439-1679,1680-2265,2266-2398",29,2399-2427,False
blocks_ranking_try,/mnt/workspace/InfiData/Rmbench_infi/blocks_ranking_try,44,2424,"0-222,223-430,431-719,720-958,959-1086,1087-1358,1359-1439,1440-1582,1583-1918,1919-2158,2159-2336,2337-2423",0,,True
blocks_ranking_try,/mnt/workspace/InfiData/Rmbench_infi/blocks_ranking_try,45,557,"0-222,223-556",0,,True
blocks_ranking_try,/mnt/workspace/InfiData/Rmbench_infi/blocks_ranking_try,46,1028,"0-29,30-191,192-350,351-882,883-958",69,959-1027,False
blocks_ranking_try,/mnt/workspace/InfiData/Rmbench_infi/blocks_ranking_try,47,555,"0-239,240-554",0,,True
blocks_ranking_try,/mnt/workspace/InfiData/Rmbench_infi/blocks_ranking_try,48,2435,"0-222,223-718,719-911,912-1439,1440-1678,1679-2158,2159-2366,2367-2434",0,,True
blocks_ranking_try,/mnt/workspace/InfiData/Rmbench_infi/blocks_ranking_try,49,1032,"0-222,223-510,511-884,885-1009",22,1010-1031,False
classify_blocks,/mnt/workspace/InfiData/Rmbench_infi/classify_blocks,0,936,"0-191,192-462,463-622,623-935",0,,True
classify_blocks,/mnt/workspace/InfiData/Rmbench_infi/classify_blocks,1,980,"0-239,240-479,480-686,687-979",0,,True
classify_blocks,/mnt/workspace/InfiData/Rmbench_infi/classify_blocks,2,953,"0-239,240-462,463-622,623-718,719-952",0,,True
classify_blocks,/mnt/workspace/InfiData/Rmbench_infi/classify_blocks,3,956,"0-382,383-479,480-859,860-955",0,,True
classify_blocks,/mnt/workspace/InfiData/Rmbench_infi/classify_blocks,4,937,"0-239,240-462,463-627,628-783,784-935",1,936,False
classify_blocks,/mnt/workspace/InfiData/Rmbench_infi/classify_blocks,5,922,"0-222,223-921",0,,True
classify_blocks,/mnt/workspace/InfiData/Rmbench_infi/classify_blocks,6,959,"0-190,191-958",0,,True
classify_blocks,/mnt/workspace/InfiData/Rmbench_infi/classify_blocks,7,935,"0-190,191-302,303-462,463-622,623-934",0,,True
classify_blocks,/mnt/workspace/InfiData/Rmbench_infi/classify_blocks,8,947,"0-190,191-946",0,,True
classify_blocks,/mnt/workspace/InfiData/Rmbench_infi/classify_blocks,9,961,"0-239,240-462,463-655,656-862,863-959",1,960,False
classify_blocks,/mnt/workspace/InfiData/Rmbench_infi/classify_blocks,10,954,"0-216,217-431,432-558,559-643,644-794,795-952",1,953,False
classify_blocks,/mnt/workspace/InfiData/Rmbench_infi/classify_blocks,11,955,"0-190,191-954",0,,True
classify_blocks,/mnt/workspace/InfiData/Rmbench_infi/classify_blocks,12,965,"0-158,159-311,312-463,464-640,641-964",0,,True
classify_blocks,/mnt/workspace/InfiData/Rmbench_infi/classify_blocks,13,936,0-935,0,,True
classify_blocks,/mnt/workspace/InfiData/Rmbench_infi/classify_blocks,14,944,"0-239,240-478,479-942",1,943,False
classify_blocks,/mnt/workspace/InfiData/Rmbench_infi/classify_blocks,15,957,"0-239,240-493,494-686,687-956",0,,True
classify_blocks,/mnt/workspace/InfiData/Rmbench_infi/classify_blocks,16,937,"0-478,479-622,623-936",0,,True
classify_blocks,/mnt/workspace/InfiData/Rmbench_infi/classify_blocks,17,957,"0-295,296-493,494-643,644-796,797-954",2,955-956,False
classify_blocks,/mnt/workspace/InfiData/Rmbench_infi/classify_blocks,18,954,"0-478,479-636,637-794,795-952",1,953,False
classify_blocks,/mnt/workspace/InfiData/Rmbench_infi/classify_blocks,19,974,"0-190,191-973",0,,True
classify_blocks,/mnt/workspace/InfiData/Rmbench_infi/classify_blocks,20,963,"0-191,192-358,359-494,495-622,623-718,719-962",0,,True
classify_blocks,/mnt/workspace/InfiData/Rmbench_infi/classify_blocks,21,950,"0-222,223-479,480-666,667-791,792-947",2,948-949,False
classify_blocks,/mnt/workspace/InfiData/Rmbench_infi/classify_blocks,22,912,"0-190,191-911",0,,True
classify_blocks,/mnt/workspace/InfiData/Rmbench_infi/classify_blocks,23,982,"0-239,240-493,494-686,687-840,841-981",0,,True
classify_blocks,/mnt/workspace/InfiData/Rmbench_infi/classify_blocks,24,947,"0-190,191-946",0,,True
classify_blocks,/mnt/workspace/InfiData/Rmbench_infi/classify_blocks,25,963,"0-190,191-350,351-961",1,962,False
classify_blocks,/mnt/workspace/InfiData/Rmbench_infi/classify_blocks,26,974,"0-478,479-971",2,972-973,False
classify_blocks,/mnt/workspace/InfiData/Rmbench_infi/classify_blocks,27,966,"0-158,159-295,296-462,463-622,623-719,720-963",2,964-965,False
classify_blocks,/mnt/workspace/InfiData/Rmbench_infi/classify_blocks,28,926,"0-239,240-334,335-493,494-660,661-805,806-924",1,925,False
classify_blocks,/mnt/workspace/InfiData/Rmbench_infi/classify_blocks,29,963,"0-158,159-239,240-323,324-478,479-622,623-719,720-962",0,,True
classify_blocks,/mnt/workspace/InfiData/Rmbench_infi/classify_blocks,30,987,"0-190,191-849,850-986",0,,True
classify_blocks,/mnt/workspace/InfiData/Rmbench_infi/classify_blocks,31,955,"0-158,159-334,335-686,687-954",0,,True
classify_blocks,/mnt/workspace/InfiData/Rmbench_infi/classify_blocks,32,934,"0-239,240-382,383-933",0,,True
classify_blocks,/mnt/workspace/InfiData/Rmbench_infi/classify_blocks,33,937,"0-191,192-430,431-622,623-936",0,,True
classify_blocks,/mnt/workspace/InfiData/Rmbench_infi/classify_blocks,34,912,"0-191,192-350,351-493,494-622,623-911",0,,True
classify_blocks,/mnt/workspace/InfiData/Rmbench_infi/classify_blocks,35,944,"0-191,192-478,479-718,719-943",0,,True
classify_blocks,/mnt/workspace/InfiData/Rmbench_infi/classify_blocks,36,943,"0-479,480-942",0,,True
classify_blocks,/mnt/workspace/InfiData/Rmbench_infi/classify_blocks,37,965,"0-158,240-334,335-478,479-622,623-718,719-849,850-958",87,"159-239,959-964",False
classify_blocks,/mnt/workspace/InfiData/Rmbench_infi/classify_blocks,38,930,"0-222,223-929",0,,True
classify_blocks,/mnt/workspace/InfiData/Rmbench_infi/classify_blocks,39,912,"0-191,192-479,480-911",0,,True
classify_blocks,/mnt/workspace/InfiData/Rmbench_infi/classify_blocks,40,932,"0-382,383-931",0,,True
classify_blocks,/mnt/workspace/InfiData/Rmbench_infi/classify_blocks,41,956,0-955,0,,True
classify_blocks,/mnt/workspace/InfiData/Rmbench_infi/classify_blocks,42,940,"0-222,223-382,383-478,479-939",0,,True
classify_blocks,/mnt/workspace/InfiData/Rmbench_infi/classify_blocks,43,966,"0-239,240-493,494-718,719-817,818-915,916-965",0,,True
classify_blocks,/mnt/workspace/InfiData/Rmbench_infi/classify_blocks,44,941,"0-190,191-479,480-601,602-724,725-847,848-940",0,,True
classify_blocks,/mnt/workspace/InfiData/Rmbench_infi/classify_blocks,45,972,"0-191,192-350,351-719,720-971",0,,True
classify_blocks,/mnt/workspace/InfiData/Rmbench_infi/classify_blocks,46,972,"0-222,223-350,351-970",1,971,False
classify_blocks,/mnt/workspace/InfiData/Rmbench_infi/classify_blocks,47,985,"0-190,191-350,351-719,720-842,843-930,931-984",0,,True
classify_blocks,/mnt/workspace/InfiData/Rmbench_infi/classify_blocks,48,990,"0-190,191-989",0,,True
classify_blocks,/mnt/workspace/InfiData/Rmbench_infi/classify_blocks,49,958,"0-239,240-462,463-622,623-957",0,,True
cover_blocks,/mnt/workspace/InfiData/Rmbench_infi/cover_blocks,0,1004,"0-462,463-558,559-642,643-945",58,946-1003,False
cover_blocks,/mnt/workspace/InfiData/Rmbench_infi/cover_blocks,1,1016,"0-644,645-830,831-955",60,956-1015,False
cover_blocks,/mnt/workspace/InfiData/Rmbench_infi/cover_blocks,2,1007,"0-478,479-638,639-718,719-830,831-947",59,948-1006,False
cover_blocks,/mnt/workspace/InfiData/Rmbench_infi/cover_blocks,3,1008,"0-478,479-638,639-718,719-830,831-948",59,949-1007,False
cover_blocks,/mnt/workspace/InfiData/Rmbench_infi/cover_blocks,4,1012,"0-478,479-638,639-718,719-830,831-984,985-1011",0,,True
cover_blocks,/mnt/workspace/InfiData/Rmbench_infi/cover_blocks,5,1011,"0-478,479-642,643-734,735-835,836-926",84,927-1010,False
cover_blocks,/mnt/workspace/InfiData/Rmbench_infi/cover_blocks,6,1010,"0-478,479-638,639-718,719-830,831-983,984-1009",0,,True
cover_blocks,/mnt/workspace/InfiData/Rmbench_infi/cover_blocks,7,1050,"0-718,719-850,851-958",91,959-1049,False
cover_blocks,/mnt/workspace/InfiData/Rmbench_infi/cover_blocks,8,1011,"0-478,479-644,645-798,799-951",59,952-1010,False
cover_blocks,/mnt/workspace/InfiData/Rmbench_infi/cover_blocks,9,1050,"0-478,479-718,719-850,851-958",91,959-1049,False
cover_blocks,/mnt/workspace/InfiData/Rmbench_infi/cover_blocks,10,1003,"0-478,479-718,719-831,832-958",44,959-1002,False
cover_blocks,/mnt/workspace/InfiData/Rmbench_infi/cover_blocks,11,1053,"0-478,479-638,639-718,719-851",201,852-1052,False
cover_blocks,/mnt/workspace/InfiData/Rmbench_infi/cover_blocks,12,1008,"0-638,639-718,719-1006",1,1007,False
cover_blocks,/mnt/workspace/InfiData/Rmbench_infi/cover_blocks,13,1013,"0-478,479-642,643-787,788-934",78,935-1012,False
cover_blocks,/mnt/workspace/InfiData/Rmbench_infi/cover_blocks,14,1005,"0-478,479-718,719-980,981-1004",0,,True
cover_blocks,/mnt/workspace/InfiData/Rmbench_infi/cover_blocks,15,1007,"0-478,479-718,719-958,959-1006",0,,True
cover_blocks,/mnt/workspace/InfiData/Rmbench_infi/cover_blocks,16,1043,"0-478,479-638,639-718,719-830,831-958,959-1041",1,1042,False
cover_blocks,/mnt/workspace/InfiData/Rmbench_infi/cover_blocks,17,1000,"0-478,479-642,643-798,799-926,927-999",0,,True
cover_blocks,/mnt/workspace/InfiData/Rmbench_infi/cover_blocks,18,1000,"0-478,479-638,639-718,719-798,799-943",56,944-999,False
cover_blocks,/mnt/workspace/InfiData/Rmbench_infi/cover_blocks,19,1044,"0-478,479-718,719-958,959-1042",1,1043,False
cover_blocks,/mnt/workspace/InfiData/Rmbench_infi/cover_blocks,20,1004,"0-478,479-642,643-798,799-958,959-1003",0,,True
cover_blocks,/mnt/workspace/InfiData/Rmbench_infi/cover_blocks,21,1052,"0-478,479-638,639-718,719-851",200,852-1051,False
cover_blocks,/mnt/workspace/InfiData/Rmbench_infi/cover_blocks,22,998,"0-638,639-718,719-830,831-995",2,996-997,False
cover_blocks,/mnt/workspace/InfiData/Rmbench_infi/cover_blocks,23,1049,"0-190,191-644,645-841",207,842-1048,False
cover_blocks,/mnt/workspace/InfiData/Rmbench_infi/cover_blocks,24,1045,"0-478,479-638,639-718,719-798,799-926,927-1043",1,1044,False
cover_blocks,/mnt/workspace/InfiData/Rmbench_infi/cover_blocks,25,1001,"0-190,191-642,643-815,816-958",42,959-1000,False
cover_blocks,/mnt/workspace/InfiData/Rmbench_infi/cover_blocks,26,1010,"0-478,479-642,643-817,818-958,959-1009",0,,True
cover_blocks,/mnt/workspace/InfiData/Rmbench_infi/cover_blocks,27,1047,"0-478,479-638,639-718,719-817,818-958",88,959-1046,False
cover_blocks,/mnt/workspace/InfiData/Rmbench_infi/cover_blocks,28,1012,"0-190,191-642,643-835",176,836-1011,False
cover_blocks,/mnt/workspace/InfiData/Rmbench_infi/cover_blocks,29,1045,"0-478,479-638,639-718,719-847",197,848-1044,False
cover_blocks,/mnt/workspace/InfiData/Rmbench_infi/cover_blocks,30,1000,"0-478,479-638,639-718,719-998",1,999,False
cover_blocks,/mnt/workspace/InfiData/Rmbench_infi/cover_blocks,31,1007,"0-478,479-638,639-718,719-1005",1,1006,False
cover_blocks,/mnt/workspace/InfiData/Rmbench_infi/cover_blocks,32,1013,"0-638,639-718,719-830,831-952",60,953-1012,False
cover_blocks,/mnt/workspace/InfiData/Rmbench_infi/cover_blocks,33,1050,"0-190,191-642,643-838,839-1049",0,,True
cover_blocks,/mnt/workspace/InfiData/Rmbench_infi/cover_blocks,34,1004,"0-478,479-638,639-766,767-945",58,946-1003,False
cover_blocks,/mnt/workspace/InfiData/Rmbench_infi/cover_blocks,35,1010,"0-478,479-638,639-718,719-830,831-983,984-1009",0,,True
cover_blocks,/mnt/workspace/InfiData/Rmbench_infi/cover_blocks,36,1050,"0-478,479-638,639-718,719-868,869-1049",0,,True
cover_blocks,/mnt/workspace/InfiData/Rmbench_infi/cover_blocks,37,998,"0-478,479-638,639-718,719-829",168,830-997,False
cover_blocks,/mnt/workspace/InfiData/Rmbench_infi/cover_blocks,38,1003,"0-478,479-638,639-718,719-830,831-979",23,980-1002,False
cover_blocks,/mnt/workspace/InfiData/Rmbench_infi/cover_blocks,39,1006,"0-478,479-654,655-832,833-958",47,959-1005,False
cover_blocks,/mnt/workspace/InfiData/Rmbench_infi/cover_blocks,40,1053,"0-478,479-638,639-718,719-871,872-1052",0,,True
cover_blocks,/mnt/workspace/InfiData/Rmbench_infi/cover_blocks,41,998,"0-478,479-718,719-977",20,978-997,False
cover_blocks,/mnt/workspace/InfiData/Rmbench_infi/cover_blocks,42,1000,"0-478,479-638,639-718,719-830",169,831-999,False
cover_blocks,/mnt/workspace/InfiData/Rmbench_infi/cover_blocks,43,1047,"0-190,191-686,687-958,959-1045",1,1046,False
cover_blocks,/mnt/workspace/InfiData/Rmbench_infi/cover_blocks,44,1007,"0-478,479-654,655-832,833-958",48,959-1006,False
cover_blocks,/mnt/workspace/InfiData/Rmbench_infi/cover_blocks,45,1051,"0-733,734-873",177,874-1050,False
cover_blocks,/mnt/workspace/InfiData/Rmbench_infi/cover_blocks,46,1052,"0-478,479-718,719-851,852-958",93,959-1051,False
cover_blocks,/mnt/workspace/InfiData/Rmbench_infi/cover_blocks,47,1046,"0-478,479-718,719-894,895-1044",1,1045,False
cover_blocks,/mnt/workspace/InfiData/Rmbench_infi/cover_blocks,48,1053,"0-478,479-718,719-873,874-958",94,959-1052,False
cover_blocks,/mnt/workspace/InfiData/Rmbench_infi/cover_blocks,49,1011,"0-478,479-638,639-718,719-817,818-926,927-1010",0,,True
observe_and_pickup,/mnt/workspace/InfiData/Rmbench_infi/observe_and_pickup,0,148,0-57,90,58-147,False
observe_and_pickup,/mnt/workspace/InfiData/Rmbench_infi/observe_and_pickup,1,149,0-148,0,,True
observe_and_pickup,/mnt/workspace/InfiData/Rmbench_infi/observe_and_pickup,2,151,0-59,91,60-150,False
observe_and_pickup,/mnt/workspace/InfiData/Rmbench_infi/observe_and_pickup,3,150,0-88,61,89-149,False
observe_and_pickup,/mnt/workspace/InfiData/Rmbench_infi/observe_and_pickup,4,150,0-149,0,,True
observe_and_pickup,/mnt/workspace/InfiData/Rmbench_infi/observe_and_pickup,5,150,0-149,0,,True
observe_and_pickup,/mnt/workspace/InfiData/Rmbench_infi/observe_and_pickup,6,150,0-149,0,,True
observe_and_pickup,/mnt/workspace/InfiData/Rmbench_infi/observe_and_pickup,7,149,"0-76,77-148",0,,True
observe_and_pickup,/mnt/workspace/InfiData/Rmbench_infi/observe_and_pickup,8,149,"0-58,59-148",0,,True
observe_and_pickup,/mnt/workspace/InfiData/Rmbench_infi/observe_and_pickup,9,153,0-152,0,,True
observe_and_pickup,/mnt/workspace/InfiData/Rmbench_infi/observe_and_pickup,10,149,"0-58,59-148",0,,True
observe_and_pickup,/mnt/workspace/InfiData/Rmbench_infi/observe_and_pickup,11,150,0-58,91,59-149,False
observe_and_pickup,/mnt/workspace/InfiData/Rmbench_infi/observe_and_pickup,12,148,0-57,90,58-147,False
observe_and_pickup,/mnt/workspace/InfiData/Rmbench_infi/observe_and_pickup,13,149,"0-72,73-148",0,,True
observe_and_pickup,/mnt/workspace/InfiData/Rmbench_infi/observe_and_pickup,14,154,"0-75,76-153",0,,True
observe_and_pickup,/mnt/workspace/InfiData/Rmbench_infi/observe_and_pickup,15,148,"0-57,58-136",11,137-147,False
observe_and_pickup,/mnt/workspace/InfiData/Rmbench_infi/observe_and_pickup,16,149,"0-58,59-148",0,,True
observe_and_pickup,/mnt/workspace/InfiData/Rmbench_infi/observe_and_pickup,17,149,0-58,90,59-148,False
observe_and_pickup,/mnt/workspace/InfiData/Rmbench_infi/observe_and_pickup,18,152,0-59,92,60-151,False
observe_and_pickup,/mnt/workspace/InfiData/Rmbench_infi/observe_and_pickup,19,150,0-58,91,59-149,False
observe_and_pickup,/mnt/workspace/InfiData/Rmbench_infi/observe_and_pickup,20,149,"0-76,77-148",0,,True
observe_and_pickup,/mnt/workspace/InfiData/Rmbench_infi/observe_and_pickup,21,149,0-117,31,118-148,False
observe_and_pickup,/mnt/workspace/InfiData/Rmbench_infi/observe_and_pickup,22,151,"0-73,74-150",0,,True
observe_and_pickup,/mnt/workspace/InfiData/Rmbench_infi/observe_and_pickup,23,149,"0-58,59-148",0,,True
observe_and_pickup,/mnt/workspace/InfiData/Rmbench_infi/observe_and_pickup,24,148,0-147,0,,True
observe_and_pickup,/mnt/workspace/InfiData/Rmbench_infi/observe_and_pickup,25,149,"0-72,73-148",0,,True
observe_and_pickup,/mnt/workspace/InfiData/Rmbench_infi/observe_and_pickup,26,149,0-58,90,59-148,False
observe_and_pickup,/mnt/workspace/InfiData/Rmbench_infi/observe_and_pickup,27,149,0-58,90,59-148,False
observe_and_pickup,/mnt/workspace/InfiData/Rmbench_infi/observe_and_pickup,28,149,0-58,90,59-148,False
observe_and_pickup,/mnt/workspace/InfiData/Rmbench_infi/observe_and_pickup,29,150,"0-76,77-149",0,,True
observe_and_pickup,/mnt/workspace/InfiData/Rmbench_infi/observe_and_pickup,30,149,"0-58,59-148",0,,True
observe_and_pickup,/mnt/workspace/InfiData/Rmbench_infi/observe_and_pickup,31,151,0-59,91,60-150,False
observe_and_pickup,/mnt/workspace/InfiData/Rmbench_infi/observe_and_pickup,32,149,"0-76,77-148",0,,True
observe_and_pickup,/mnt/workspace/InfiData/Rmbench_infi/observe_and_pickup,33,149,0-58,90,59-148,False
observe_and_pickup,/mnt/workspace/InfiData/Rmbench_infi/observe_and_pickup,34,150,0-149,0,,True
observe_and_pickup,/mnt/workspace/InfiData/Rmbench_infi/observe_and_pickup,35,148,"0-57,58-147",0,,True
observe_and_pickup,/mnt/workspace/InfiData/Rmbench_infi/observe_and_pickup,36,148,0-57,90,58-147,False
observe_and_pickup,/mnt/workspace/InfiData/Rmbench_infi/observe_and_pickup,37,148,0-57,90,58-147,False
observe_and_pickup,/mnt/workspace/InfiData/Rmbench_infi/observe_and_pickup,38,151,"0-56,57-150",0,,True
observe_and_pickup,/mnt/workspace/InfiData/Rmbench_infi/observe_and_pickup,39,151,"0-59,60-150",0,,True
observe_and_pickup,/mnt/workspace/InfiData/Rmbench_infi/observe_and_pickup,40,148,"0-72,73-147",0,,True
observe_and_pickup,/mnt/workspace/InfiData/Rmbench_infi/observe_and_pickup,41,150,0-149,0,,True
observe_and_pickup,/mnt/workspace/InfiData/Rmbench_infi/observe_and_pickup,42,147,0-57,89,58-146,False
observe_and_pickup,/mnt/workspace/InfiData/Rmbench_infi/observe_and_pickup,43,147,0-57,89,58-146,False
observe_and_pickup,/mnt/workspace/InfiData/Rmbench_infi/observe_and_pickup,44,150,"0-76,77-149",0,,True
observe_and_pickup,/mnt/workspace/InfiData/Rmbench_infi/observe_and_pickup,45,150,0-58,91,59-149,False
observe_and_pickup,/mnt/workspace/InfiData/Rmbench_infi/observe_and_pickup,46,149,"0-58,59-148",0,,True
observe_and_pickup,/mnt/workspace/InfiData/Rmbench_infi/observe_and_pickup,47,150,0-58,91,59-149,False
observe_and_pickup,/mnt/workspace/InfiData/Rmbench_infi/observe_and_pickup,48,149,0-148,0,,True
observe_and_pickup,/mnt/workspace/InfiData/Rmbench_infi/observe_and_pickup,49,150,"0-58,59-149",0,,True
place_block_mat,/mnt/workspace/InfiData/Rmbench_infi/place_block_mat,0,1077,"0-190,191-479,480-671,672-861,862-1003,1004-1076",0,,True
place_block_mat,/mnt/workspace/InfiData/Rmbench_infi/place_block_mat,1,1061,"0-158,159-334,335-493,494-654,655-832,833-945,946-1060",0,,True
place_block_mat,/mnt/workspace/InfiData/Rmbench_infi/place_block_mat,2,1067,"0-190,191-479,480-670,671-870,871-1066",0,,True
place_block_mat,/mnt/workspace/InfiData/Rmbench_infi/place_block_mat,3,1058,"0-158,240-366,367-710,711-1056",82,"159-239,1057",False
place_block_mat,/mnt/workspace/InfiData/Rmbench_infi/place_block_mat,4,1055,"0-190,191-334,335-558,559-718,719-852,853-1053",1,1054,False
place_block_mat,/mnt/workspace/InfiData/Rmbench_infi/place_block_mat,5,1076,"0-158,159-334,335-671,672-880,881-1075",0,,True
place_block_mat,/mnt/workspace/InfiData/Rmbench_infi/place_block_mat,6,1079,"0-190,191-334,335-493,494-666,667-862,863-1078",0,,True
place_block_mat,/mnt/workspace/InfiData/Rmbench_infi/place_block_mat,7,1065,"0-158,159-334,335-558,559-718,719-902,903-1063",1,1064,False
place_block_mat,/mnt/workspace/InfiData/Rmbench_infi/place_block_mat,8,1071,"0-94,95-239,240-478,479-558,559-718,719-882,883-1070",0,,True
place_block_mat,/mnt/workspace/InfiData/Rmbench_infi/place_block_mat,9,1075,"0-190,191-578,579-766,767-877,878-1074",0,,True
place_block_mat,/mnt/workspace/InfiData/Rmbench_infi/place_block_mat,10,1065,"0-334,335-478,479-558,559-670,671-873,874-1063",1,1064,False
place_block_mat,/mnt/workspace/InfiData/Rmbench_infi/place_block_mat,11,1061,"0-334,335-479,480-558,559-718,719-855,856-1060",0,,True
place_block_mat,/mnt/workspace/InfiData/Rmbench_infi/place_block_mat,12,1101,"0-222,223-479,480-871,872-971,972-1073",27,1074-1100,False
place_block_mat,/mnt/workspace/InfiData/Rmbench_infi/place_block_mat,13,1070,"0-158,240-334,335-430,431-526,527-622,623-718,719-858,859-1068",82,"159-239,1069",False
place_block_mat,/mnt/workspace/InfiData/Rmbench_infi/place_block_mat,14,1075,"0-158,159-860,861-1074",0,,True
place_block_mat,/mnt/workspace/InfiData/Rmbench_infi/place_block_mat,15,1061,"0-239,240-462,463-671,672-868,869-1060",0,,True
place_block_mat,/mnt/workspace/InfiData/Rmbench_infi/place_block_mat,16,1065,"0-190,191-479,480-574,575-670,671-766,767-857,858-958,959-1063",1,1064,False
place_block_mat,/mnt/workspace/InfiData/Rmbench_infi/place_block_mat,17,1067,"0-158,159-334,335-479,480-558,559-673,674-870,871-1017,1018-1066",0,,True
place_block_mat,/mnt/workspace/InfiData/Rmbench_infi/place_block_mat,18,1071,"0-190,191-334,335-494,495-666,667-859,860-975,976-1070",0,,True
place_block_mat,/mnt/workspace/InfiData/Rmbench_infi/place_block_mat,19,1068,"0-158,159-334,335-494,495-634,635-838,839-1066",1,1067,False
place_block_mat,/mnt/workspace/InfiData/Rmbench_infi/place_block_mat,20,1061,"0-222,223-421,422-719,720-958,959-1060",0,,True
place_block_mat,/mnt/workspace/InfiData/Rmbench_infi/place_block_mat,21,1066,"0-190,191-479,480-718,719-834,835-1065",0,,True
place_block_mat,/mnt/workspace/InfiData/Rmbench_infi/place_block_mat,22,1085,"0-190,191-334,335-719,720-914,915-1083",1,1084,False
place_block_mat,/mnt/workspace/InfiData/Rmbench_infi/place_block_mat,23,1061,"0-334,335-558,559-718,719-877,878-1060",0,,True
place_block_mat,/mnt/workspace/InfiData/Rmbench_infi/place_block_mat,24,1064,"0-190,191-733,734-1015",48,1016-1063,False
place_block_mat,/mnt/workspace/InfiData/Rmbench_infi/place_block_mat,25,1080,"0-125,126-334,335-558,559-718,719-886,887-1079",0,,True
place_block_mat,/mnt/workspace/InfiData/Rmbench_infi/place_block_mat,26,1068,"0-158,159-239,240-323,324-478,479-622,623-718,719-865,866-1066",1,1067,False
place_block_mat,/mnt/workspace/InfiData/Rmbench_infi/place_block_mat,27,1065,"0-239,240-478,479-563,564-718,719-873,874-1064",0,,True
place_block_mat,/mnt/workspace/InfiData/Rmbench_infi/place_block_mat,28,1073,"0-222,223-334,335-558,559-718,719-859,860-953,954-1072",0,,True
place_block_mat,/mnt/workspace/InfiData/Rmbench_infi/place_block_mat,29,1084,"0-190,191-334,335-479,480-558,559-702,703-863,864-1083",0,,True
place_block_mat,/mnt/workspace/InfiData/Rmbench_infi/place_block_mat,30,1073,"0-158,159-678,679-883",189,884-1072,False
place_block_mat,/mnt/workspace/InfiData/Rmbench_infi/place_block_mat,31,1070,"0-158,159-239,240-479,480-558,559-718,719-891,892-1068",1,1069,False
place_block_mat,/mnt/workspace/InfiData/Rmbench_infi/place_block_mat,32,1070,"0-254,255-372,373-555,556-670,671-766,767-859,860-1068",1,1069,False
place_block_mat,/mnt/workspace/InfiData/Rmbench_infi/place_block_mat,33,1076,"0-158,159-334,335-493,494-654,655-885,886-1075",0,,True
place_block_mat,/mnt/workspace/InfiData/Rmbench_infi/place_block_mat,34,1068,"0-190,191-479,480-671,672-890,891-1067",0,,True
place_block_mat,/mnt/workspace/InfiData/Rmbench_infi/place_block_mat,35,1065,"0-158,159-334,335-493,494-620,621-734,735-843,844-948,949-1064",0,,True
place_block_mat,/mnt/workspace/InfiData/Rmbench_infi/place_block_mat,36,1066,"0-175,176-479,480-574,575-670,671-766,767-858,859-958,959-1064",1,1065,False
place_block_mat,/mnt/workspace/InfiData/Rmbench_infi/place_block_mat,37,1070,"0-191,192-334,335-430,431-526,527-622,623-718,719-899,900-1069",0,,True
place_block_mat,/mnt/workspace/InfiData/Rmbench_infi/place_block_mat,38,1061,"0-222,223-382,383-563,564-733,734-857,858-1059",1,1060,False
place_block_mat,/mnt/workspace/InfiData/Rmbench_infi/place_block_mat,39,1063,"0-190,191-358,359-558,559-718,719-855,856-958,959-1061",1,1062,False
place_block_mat,/mnt/workspace/InfiData/Rmbench_infi/place_block_mat,40,1090,"0-158,159-334,335-493,494-622,623-842,843-964",125,965-1089,False
place_block_mat,/mnt/workspace/InfiData/Rmbench_infi/place_block_mat,41,1075,"0-191,192-494,495-718,719-860,861-1073",1,1074,False
place_block_mat,/mnt/workspace/InfiData/Rmbench_infi/place_block_mat,42,1065,"0-191,192-479,480-558,559-718,719-833,834-948,949-1064",0,,True
place_block_mat,/mnt/workspace/InfiData/Rmbench_infi/place_block_mat,43,1066,"0-158,159-479,480-670,671-874,875-1065",0,,True
place_block_mat,/mnt/workspace/InfiData/Rmbench_infi/place_block_mat,44,1080,"0-190,191-479,480-558,559-670,671-882,883-1079",0,,True
place_block_mat,/mnt/workspace/InfiData/Rmbench_infi/place_block_mat,45,1063,"0-190,191-352,353-479,480-880,881-1062",0,,True
place_block_mat,/mnt/workspace/InfiData/Rmbench_infi/place_block_mat,46,1070,"0-190,191-479,480-606,607-734,735-894,895-1069",0,,True
place_block_mat,/mnt/workspace/InfiData/Rmbench_infi/place_block_mat,47,1067,"0-158,159-334,335-493,494-622,623-901,902-1066",0,,True
place_block_mat,/mnt/workspace/InfiData/Rmbench_infi/place_block_mat,48,1068,"0-857,858-1066",1,1067,False
place_block_mat,/mnt/workspace/InfiData/Rmbench_infi/place_block_mat,49,1068,"0-190,191-334,335-494,495-654,655-904,905-1067",0,,True
press_button,/mnt/workspace/InfiData/Rmbench_infi/press_button,0,573,"0-526,527-572",0,,True
press_button,/mnt/workspace/InfiData/Rmbench_infi/press_button,1,526,0-467,58,468-525,False
press_button,/mnt/workspace/InfiData/Rmbench_infi/press_button,2,625,"0-318,319-624",0,,True
press_button,/mnt/workspace/InfiData/Rmbench_infi/press_button,3,430,0-199,230,200-429,False
press_button,/mnt/workspace/InfiData/Rmbench_infi/press_button,4,626,"0-580,581-625",0,,True
press_button,/mnt/workspace/InfiData/Rmbench_infi/press_button,5,526,0-449,76,450-525,False
press_button,/mnt/workspace/InfiData/Rmbench_infi/press_button,6,627,0-573,53,574-626,False
press_button,/mnt/workspace/InfiData/Rmbench_infi/press_button,7,579,"0-531,532-578",0,,True
press_button,/mnt/workspace/InfiData/Rmbench_infi/press_button,8,477,"0-221,222-476",0,,True
press_button,/mnt/workspace/InfiData/Rmbench_infi/press_button,9,620,0-567,52,568-619,False
press_button,/mnt/workspace/InfiData/Rmbench_infi/press_button,10,628,0-574,53,575-627,False
press_button,/mnt/workspace/InfiData/Rmbench_infi/press_button,11,529,"0-477,478-528",0,,True
press_button,/mnt/workspace/InfiData/Rmbench_infi/press_button,12,575,0-574,0,,True
press_button,/mnt/workspace/InfiData/Rmbench_infi/press_button,13,528,0-468,59,469-527,False
press_button,/mnt/workspace/InfiData/Rmbench_infi/press_button,14,522,"0-445,446-521",0,,True
press_button,/mnt/workspace/InfiData/Rmbench_infi/press_button,15,480,"0-29,30-478",1,479,False
press_button,/mnt/workspace/InfiData/Rmbench_infi/press_button,16,431,"0-314,315-430",0,,True
press_button,/mnt/workspace/InfiData/Rmbench_infi/press_button,17,528,"0-449,450-527",0,,True
press_button,/mnt/workspace/InfiData/Rmbench_infi/press_button,18,429,"0-227,228-427",1,428,False
press_button,/mnt/workspace/InfiData/Rmbench_infi/press_button,19,625,0-571,53,572-624,False
press_button,/mnt/workspace/InfiData/Rmbench_infi/press_button,20,625,"0-571,572-624",0,,True
press_button,/mnt/workspace/InfiData/Rmbench_infi/press_button,21,427,0-425,1,426,False
press_button,/mnt/workspace/InfiData/Rmbench_infi/press_button,22,579,0-531,47,532-578,False
press_button,/mnt/workspace/InfiData/Rmbench_infi/press_button,23,481,"0-239,240-418,419-480",0,,True
press_button,/mnt/workspace/InfiData/Rmbench_infi/press_button,24,283,0-223,59,224-282,False
press_button,/mnt/workspace/InfiData/Rmbench_infi/press_button,25,528,0-527,0,,True
press_button,/mnt/workspace/InfiData/Rmbench_infi/press_button,26,433,0-431,1,432,False
press_button,/mnt/workspace/InfiData/Rmbench_infi/press_button,27,478,"0-29,30-444",33,445-477,False
press_button,/mnt/workspace/InfiData/Rmbench_infi/press_button,28,480,0-478,1,479,False
press_button,/mnt/workspace/InfiData/Rmbench_infi/press_button,29,482,"0-406,407-481",0,,True
press_button,/mnt/workspace/InfiData/Rmbench_infi/press_button,30,523,0-522,0,,True
press_button,/mnt/workspace/InfiData/Rmbench_infi/press_button,31,627,0-573,53,574-626,False
press_button,/mnt/workspace/InfiData/Rmbench_infi/press_button,32,528,0-468,59,469-527,False
press_button,/mnt/workspace/InfiData/Rmbench_infi/press_button,33,530,"0-478,479-529",0,,True
press_button,/mnt/workspace/InfiData/Rmbench_infi/press_button,34,480,"0-29,30-382,383-479",0,,True
press_button,/mnt/workspace/InfiData/Rmbench_infi/press_button,35,579,"0-531,532-578",0,,True
press_button,/mnt/workspace/InfiData/Rmbench_infi/press_button,36,579,"0-535,536-578",0,,True
press_button,/mnt/workspace/InfiData/Rmbench_infi/press_button,37,629,0-575,53,576-628,False
press_button,/mnt/workspace/InfiData/Rmbench_infi/press_button,38,286,"0-37,38-230,231-285",0,,True
press_button,/mnt/workspace/InfiData/Rmbench_infi/press_button,39,628,0-574,53,575-627,False
press_button,/mnt/workspace/InfiData/Rmbench_infi/press_button,40,629,0-575,53,576-628,False
press_button,/mnt/workspace/InfiData/Rmbench_infi/press_button,41,575,0-574,0,,True
press_button,/mnt/workspace/InfiData/Rmbench_infi/press_button,42,432,0-430,1,431,False
press_button,/mnt/workspace/InfiData/Rmbench_infi/press_button,43,478,0-476,1,477,False
press_button,/mnt/workspace/InfiData/Rmbench_infi/press_button,44,527,0-526,0,,True
press_button,/mnt/workspace/InfiData/Rmbench_infi/press_button,45,480,"0-382,383-478",1,479,False
press_button,/mnt/workspace/InfiData/Rmbench_infi/press_button,46,626,"0-414,415-572,573-625",0,,True
press_button,/mnt/workspace/InfiData/Rmbench_infi/press_button,47,433,0-432,0,,True
press_button,/mnt/workspace/InfiData/Rmbench_infi/press_button,48,574,0-505,68,506-573,False
press_button,/mnt/workspace/InfiData/Rmbench_infi/press_button,49,479,0-478,0,,True
put_back_block,/mnt/workspace/InfiData/Rmbench_infi/put_back_block,0,347,0-346,0,,True
put_back_block,/mnt/workspace/InfiData/Rmbench_infi/put_back_block,1,360,0-358,1,359,False
put_back_block,/mnt/workspace/InfiData/Rmbench_infi/put_back_block,2,350,0-349,0,,True
put_back_block,/mnt/workspace/InfiData/Rmbench_infi/put_back_block,3,344,"22-136,137-250,251-343",22,0-21,False
put_back_block,/mnt/workspace/InfiData/Rmbench_infi/put_back_block,4,347,0-346,0,,True
put_back_block,/mnt/workspace/InfiData/Rmbench_infi/put_back_block,5,348,0-347,0,,True
put_back_block,/mnt/workspace/InfiData/Rmbench_infi/put_back_block,6,361,0-360,0,,True
put_back_block,/mnt/workspace/InfiData/Rmbench_infi/put_back_block,7,360,0-358,1,359,False
put_back_block,/mnt/workspace/InfiData/Rmbench_infi/put_back_block,8,362,"0-167,168-335,336-361",0,,True
put_back_block,/mnt/workspace/InfiData/Rmbench_infi/put_back_block,9,344,0-343,0,,True
put_back_block,/mnt/workspace/InfiData/Rmbench_infi/put_back_block,10,350,0-349,0,,True
put_back_block,/mnt/workspace/InfiData/Rmbench_infi/put_back_block,11,348,0-347,0,,True
put_back_block,/mnt/workspace/InfiData/Rmbench_infi/put_back_block,12,345,0-344,0,,True
put_back_block,/mnt/workspace/InfiData/Rmbench_infi/put_back_block,13,344,0-343,0,,True
put_back_block,/mnt/workspace/InfiData/Rmbench_infi/put_back_block,14,363,0-362,0,,True
put_back_block,/mnt/workspace/InfiData/Rmbench_infi/put_back_block,15,349,0-348,0,,True
put_back_block,/mnt/workspace/InfiData/Rmbench_infi/put_back_block,16,363,0-361,1,362,False
put_back_block,/mnt/workspace/InfiData/Rmbench_infi/put_back_block,17,350,0-349,0,,True
put_back_block,/mnt/workspace/InfiData/Rmbench_infi/put_back_block,18,361,0-360,0,,True
put_back_block,/mnt/workspace/InfiData/Rmbench_infi/put_back_block,19,349,0-348,0,,True
put_back_block,/mnt/workspace/InfiData/Rmbench_infi/put_back_block,20,342,0-341,0,,True
put_back_block,/mnt/workspace/InfiData/Rmbench_infi/put_back_block,21,347,0-346,0,,True
put_back_block,/mnt/workspace/InfiData/Rmbench_infi/put_back_block,22,361,0-360,0,,True
put_back_block,/mnt/workspace/InfiData/Rmbench_infi/put_back_block,23,349,0-348,0,,True
put_back_block,/mnt/workspace/InfiData/Rmbench_infi/put_back_block,24,349,0-348,0,,True
put_back_block,/mnt/workspace/InfiData/Rmbench_infi/put_back_block,25,361,"0-23,24-143,144-263,264-359",1,360,False
put_back_block,/mnt/workspace/InfiData/Rmbench_infi/put_back_block,26,348,0-347,0,,True
put_back_block,/mnt/workspace/InfiData/Rmbench_infi/put_back_block,27,363,0-362,0,,True
put_back_block,/mnt/workspace/InfiData/Rmbench_infi/put_back_block,28,347,0-346,0,,True
put_back_block,/mnt/workspace/InfiData/Rmbench_infi/put_back_block,29,348,0-347,0,,True
put_back_block,/mnt/workspace/InfiData/Rmbench_infi/put_back_block,30,347,0-346,0,,True
put_back_block,/mnt/workspace/InfiData/Rmbench_infi/put_back_block,31,345,0-344,0,,True
put_back_block,/mnt/workspace/InfiData/Rmbench_infi/put_back_block,32,361,0-360,0,,True
put_back_block,/mnt/workspace/InfiData/Rmbench_infi/put_back_block,33,349,"23-184,185-300",71,"0-22,301-348",False
put_back_block,/mnt/workspace/InfiData/Rmbench_infi/put_back_block,34,349,0-348,0,,True
put_back_block,/mnt/workspace/InfiData/Rmbench_infi/put_back_block,35,352,0-351,0,,True
put_back_block,/mnt/workspace/InfiData/Rmbench_infi/put_back_block,36,351,0-350,0,,True
put_back_block,/mnt/workspace/InfiData/Rmbench_infi/put_back_block,37,345,0-344,0,,True
put_back_block,/mnt/workspace/InfiData/Rmbench_infi/put_back_block,38,348,0-347,0,,True
put_back_block,/mnt/workspace/InfiData/Rmbench_infi/put_back_block,39,349,0-348,0,,True
put_back_block,/mnt/workspace/InfiData/Rmbench_infi/put_back_block,40,350,0-348,1,349,False
put_back_block,/mnt/workspace/InfiData/Rmbench_infi/put_back_block,41,350,0-349,0,,True
put_back_block,/mnt/workspace/InfiData/Rmbench_infi/put_back_block,42,350,0-348,1,349,False
put_back_block,/mnt/workspace/InfiData/Rmbench_infi/put_back_block,43,346,0-345,0,,True
put_back_block,/mnt/workspace/InfiData/Rmbench_infi/put_back_block,44,349,"0-184,185-347",1,348,False
put_back_block,/mnt/workspace/InfiData/Rmbench_infi/put_back_block,45,348,0-347,0,,True
put_back_block,/mnt/workspace/InfiData/Rmbench_infi/put_back_block,46,347,0-346,0,,True
put_back_block,/mnt/workspace/InfiData/Rmbench_infi/put_back_block,47,360,0-359,0,,True
put_back_block,/mnt/workspace/InfiData/Rmbench_infi/put_back_block,48,346,"0-137,138-252,253-344",1,345,False
put_back_block,/mnt/workspace/InfiData/Rmbench_infi/put_back_block,49,360,0-359,0,,True
rearrange_blocks,/mnt/workspace/InfiData/Rmbench_infi/rearrange_blocks,0,404,0-160,243,161-403,False
rearrange_blocks,/mnt/workspace/InfiData/Rmbench_infi/rearrange_blocks,1,398,0-157,240,158-397,False
rearrange_blocks,/mnt/workspace/InfiData/Rmbench_infi/rearrange_blocks,2,402,0-159,242,160-401,False
rearrange_blocks,/mnt/workspace/InfiData/Rmbench_infi/rearrange_blocks,3,401,0-399,1,400,False
rearrange_blocks,/mnt/workspace/InfiData/Rmbench_infi/rearrange_blocks,4,399,0-397,1,398,False
rearrange_blocks,/mnt/workspace/InfiData/Rmbench_infi/rearrange_blocks,5,397,0-395,1,396,False
rearrange_blocks,/mnt/workspace/InfiData/Rmbench_infi/rearrange_blocks,6,405,"0-160,161-295,296-403",1,404,False
rearrange_blocks,/mnt/workspace/InfiData/Rmbench_infi/rearrange_blocks,7,399,0-397,1,398,False
rearrange_blocks,/mnt/workspace/InfiData/Rmbench_infi/rearrange_blocks,8,406,"0-188,189-405",0,,True
rearrange_blocks,/mnt/workspace/InfiData/Rmbench_infi/rearrange_blocks,9,404,"0-160,161-267",136,268-403,False
rearrange_blocks,/mnt/workspace/InfiData/Rmbench_infi/rearrange_blocks,10,405,"0-187,188-322,323-404",0,,True
rearrange_blocks,/mnt/workspace/InfiData/Rmbench_infi/rearrange_blocks,11,405,0-403,1,404,False
rearrange_blocks,/mnt/workspace/InfiData/Rmbench_infi/rearrange_blocks,12,402,"0-186,187-401",0,,True
rearrange_blocks,/mnt/workspace/InfiData/Rmbench_infi/rearrange_blocks,13,400,"0-158,159-318",81,319-399,False
rearrange_blocks,/mnt/workspace/InfiData/Rmbench_infi/rearrange_blocks,14,401,0-159,241,160-400,False
rearrange_blocks,/mnt/workspace/InfiData/Rmbench_infi/rearrange_blocks,15,405,0-403,1,404,False
rearrange_blocks,/mnt/workspace/InfiData/Rmbench_infi/rearrange_blocks,16,405,"0-187,188-349",55,350-404,False
rearrange_blocks,/mnt/workspace/InfiData/Rmbench_infi/rearrange_blocks,17,399,0-397,1,398,False
rearrange_blocks,/mnt/workspace/InfiData/Rmbench_infi/rearrange_blocks,18,401,"0-185,186-319,320-400",0,,True
rearrange_blocks,/mnt/workspace/InfiData/Rmbench_infi/rearrange_blocks,19,398,"0-157,158-343,344-397",0,,True
rearrange_blocks,/mnt/workspace/InfiData/Rmbench_infi/rearrange_blocks,20,398,0-396,1,397,False
rearrange_blocks,/mnt/workspace/InfiData/Rmbench_infi/rearrange_blocks,21,402,0-159,242,160-401,False
rearrange_blocks,/mnt/workspace/InfiData/Rmbench_infi/rearrange_blocks,22,401,"0-159,160-399",1,400,False
rearrange_blocks,/mnt/workspace/InfiData/Rmbench_infi/rearrange_blocks,23,399,"0-158,159-398",0,,True
rearrange_blocks,/mnt/workspace/InfiData/Rmbench_infi/rearrange_blocks,24,406,0-404,1,405,False
rearrange_blocks,/mnt/workspace/InfiData/Rmbench_infi/rearrange_blocks,25,402,"0-186,187-401",0,,True
rearrange_blocks,/mnt/workspace/InfiData/Rmbench_infi/rearrange_blocks,26,401,0-399,1,400,False
rearrange_blocks,/mnt/workspace/InfiData/Rmbench_infi/rearrange_blocks,27,404,0-402,1,403,False
rearrange_blocks,/mnt/workspace/InfiData/Rmbench_infi/rearrange_blocks,28,397,"0-157,158-289",107,290-396,False
rearrange_blocks,/mnt/workspace/InfiData/Rmbench_infi/rearrange_blocks,29,402,0-159,242,160-401,False
rearrange_blocks,/mnt/workspace/InfiData/Rmbench_infi/rearrange_blocks,30,405,0-403,1,404,False
rearrange_blocks,/mnt/workspace/InfiData/Rmbench_infi/rearrange_blocks,31,399,0-158,240,159-398,False
rearrange_blocks,/mnt/workspace/InfiData/Rmbench_infi/rearrange_blocks,32,403,0-401,1,402,False
rearrange_blocks,/mnt/workspace/InfiData/Rmbench_infi/rearrange_blocks,33,400,"0-158,159-318",81,319-399,False
rearrange_blocks,/mnt/workspace/InfiData/Rmbench_infi/rearrange_blocks,34,408,0-161,246,162-407,False
rearrange_blocks,/mnt/workspace/InfiData/Rmbench_infi/rearrange_blocks,35,405,0-160,244,161-404,False
rearrange_blocks,/mnt/workspace/InfiData/Rmbench_infi/rearrange_blocks,36,406,0-404,1,405,False
rearrange_blocks,/mnt/workspace/InfiData/Rmbench_infi/rearrange_blocks,37,404,0-402,1,403,False
rearrange_blocks,/mnt/workspace/InfiData/Rmbench_infi/rearrange_blocks,38,399,0-397,1,398,False
rearrange_blocks,/mnt/workspace/InfiData/Rmbench_infi/rearrange_blocks,39,404,"0-187,188-403",0,,True
rearrange_blocks,/mnt/workspace/InfiData/Rmbench_infi/rearrange_blocks,40,397,0-395,1,396,False
rearrange_blocks,/mnt/workspace/InfiData/Rmbench_infi/rearrange_blocks,41,397,0-157,239,158-396,False
rearrange_blocks,/mnt/workspace/InfiData/Rmbench_infi/rearrange_blocks,42,404,"0-160,161-294,295-402",1,403,False
rearrange_blocks,/mnt/workspace/InfiData/Rmbench_infi/rearrange_blocks,43,396,0-394,1,395,False
rearrange_blocks,/mnt/workspace/InfiData/Rmbench_infi/rearrange_blocks,44,399,0-397,1,398,False
rearrange_blocks,/mnt/workspace/InfiData/Rmbench_infi/rearrange_blocks,45,407,0-188,218,189-406,False
rearrange_blocks,/mnt/workspace/InfiData/Rmbench_infi/rearrange_blocks,46,399,0-397,1,398,False
rearrange_blocks,/mnt/workspace/InfiData/Rmbench_infi/rearrange_blocks,47,403,"0-159,160-402",0,,True
rearrange_blocks,/mnt/workspace/InfiData/Rmbench_infi/rearrange_blocks,48,400,"0-185,186-399",0,,True
rearrange_blocks,/mnt/workspace/InfiData/Rmbench_infi/rearrange_blocks,49,402,"0-159,160-266,267-400",1,401,False
storage_blocks,/mnt/workspace/InfiData/Rmbench_infi/storage_blocks,0,659,"0-158,159-239,240-318,319-462,463-657",1,658,False
storage_blocks,/mnt/workspace/InfiData/Rmbench_infi/storage_blocks,1,632,0-631,0,,True
storage_blocks,/mnt/workspace/InfiData/Rmbench_infi/storage_blocks,2,883,"0-239,240-478,479-881",1,882,False
storage_blocks,/mnt/workspace/InfiData/Rmbench_infi/storage_blocks,3,867,"0-479,480-866",0,,True
storage_blocks,/mnt/workspace/InfiData/Rmbench_infi/storage_blocks,4,652,"0-254,255-651",0,,True
storage_blocks,/mnt/workspace/InfiData/Rmbench_infi/storage_blocks,5,899,0-898,0,,True
storage_blocks,/mnt/workspace/InfiData/Rmbench_infi/storage_blocks,6,738,"0-158,159-239,240-318,319-462,463-654,655-737",0,,True
storage_blocks,/mnt/workspace/InfiData/Rmbench_infi/storage_blocks,7,720,"0-158,159-318,319-478,479-719",0,,True
storage_blocks,/mnt/workspace/InfiData/Rmbench_infi/storage_blocks,8,642,"0-239,240-372,373-504,505-640",1,641,False
storage_blocks,/mnt/workspace/InfiData/Rmbench_infi/storage_blocks,9,813,0-812,0,,True
storage_blocks,/mnt/workspace/InfiData/Rmbench_infi/storage_blocks,10,885,"0-222,223-452,453-883",1,884,False
storage_blocks,/mnt/workspace/InfiData/Rmbench_infi/storage_blocks,11,964,"0-239,240-479,480-718,719-958",5,959-963,False
storage_blocks,/mnt/workspace/InfiData/Rmbench_infi/storage_blocks,12,639,"0-158,159-239,240-318,319-478,479-637",1,638,False
storage_blocks,/mnt/workspace/InfiData/Rmbench_infi/storage_blocks,13,964,"0-190,191-382,383-963",0,,True
storage_blocks,/mnt/workspace/InfiData/Rmbench_infi/storage_blocks,14,973,"0-158,159-239,240-318,319-398,399-478,479-558,559-703,704-871,872-972",0,,True
storage_blocks,/mnt/workspace/InfiData/Rmbench_infi/storage_blocks,15,898,"0-239,240-398,399-479,480-558,559-701,702-896",1,897,False
storage_blocks,/mnt/workspace/InfiData/Rmbench_infi/storage_blocks,16,657,"0-239,240-476,477-655",1,656,False
storage_blocks,/mnt/workspace/InfiData/Rmbench_infi/storage_blocks,17,638,"0-239,240-371,372-503,504-636",1,637,False
storage_blocks,/mnt/workspace/InfiData/Rmbench_infi/storage_blocks,18,729,"0-222,223-407,408-558,559-718",10,719-728,False
storage_blocks,/mnt/workspace/InfiData/Rmbench_infi/storage_blocks,19,892,"0-478,479-643,644-780,781-890",1,891,False
storage_blocks,/mnt/workspace/InfiData/Rmbench_infi/storage_blocks,20,977,"0-158,159-239,240-318,319-431,432-622,623-872,873-976",0,,True
storage_blocks,/mnt/workspace/InfiData/Rmbench_infi/storage_blocks,21,650,"0-239,240-402,403-534,535-648",1,649,False
storage_blocks,/mnt/workspace/InfiData/Rmbench_infi/storage_blocks,22,664,"0-222,223-414,415-663",0,,True
storage_blocks,/mnt/workspace/InfiData/Rmbench_infi/storage_blocks,23,885,"0-222,223-478,479-884",0,,True
storage_blocks,/mnt/workspace/InfiData/Rmbench_infi/storage_blocks,24,893,"0-479,480-616,617-752,753-891",1,892,False
storage_blocks,/mnt/workspace/InfiData/Rmbench_infi/storage_blocks,25,880,"0-479,480-879",0,,True
storage_blocks,/mnt/workspace/InfiData/Rmbench_infi/storage_blocks,26,624,0-623,0,,True
storage_blocks,/mnt/workspace/InfiData/Rmbench_infi/storage_blocks,27,620,"0-29,30-191,192-358,359-491,492-618",1,619,False
storage_blocks,/mnt/workspace/InfiData/Rmbench_infi/storage_blocks,28,879,"0-158,159-350,351-478,479-878",0,,True
storage_blocks,/mnt/workspace/InfiData/Rmbench_infi/storage_blocks,29,732,"0-158,159-382,383-478,479-731",0,,True
storage_blocks,/mnt/workspace/InfiData/Rmbench_infi/storage_blocks,30,892,"0-158,159-318,319-478,479-891",0,,True
storage_blocks,/mnt/workspace/InfiData/Rmbench_infi/storage_blocks,31,721,"0-158,159-286,287-420,421-720",0,,True
storage_blocks,/mnt/workspace/InfiData/Rmbench_infi/storage_blocks,32,643,"0-414,415-642",0,,True
storage_blocks,/mnt/workspace/InfiData/Rmbench_infi/storage_blocks,33,884,"0-158,159-318,319-478,479-883",0,,True
storage_blocks,/mnt/workspace/InfiData/Rmbench_infi/storage_blocks,34,717,"0-158,159-284,285-396,397-524,525-715",1,716,False
storage_blocks,/mnt/workspace/InfiData/Rmbench_infi/storage_blocks,35,898,"0-158,159-318,319-478,479-897",0,,True
storage_blocks,/mnt/workspace/InfiData/Rmbench_infi/storage_blocks,36,643,"0-222,223-446,447-642",0,,True
storage_blocks,/mnt/workspace/InfiData/Rmbench_infi/storage_blocks,37,632,"0-222,223-446,447-631",0,,True
storage_blocks,/mnt/workspace/InfiData/Rmbench_infi/storage_blocks,38,902,"0-222,223-460,461-686,687-901",0,,True
storage_blocks,/mnt/workspace/InfiData/Rmbench_infi/storage_blocks,39,726,0-725,0,,True
storage_blocks,/mnt/workspace/InfiData/Rmbench_infi/storage_blocks,40,902,"0-158,159-318,319-478,479-901",0,,True
storage_blocks,/mnt/workspace/InfiData/Rmbench_infi/storage_blocks,41,739,"0-239,240-479,480-616,617-718",20,719-738,False
storage_blocks,/mnt/workspace/InfiData/Rmbench_infi/storage_blocks,42,716,"0-253,254-396,397-715",0,,True
storage_blocks,/mnt/workspace/InfiData/Rmbench_infi/storage_blocks,43,714,0-713,0,,True
storage_blocks,/mnt/workspace/InfiData/Rmbench_infi/storage_blocks,44,649,"0-158,159-239,240-318,319-478,479-648",0,,True
storage_blocks,/mnt/workspace/InfiData/Rmbench_infi/storage_blocks,45,638,"0-239,240-501,502-636",1,637,False
storage_blocks,/mnt/workspace/InfiData/Rmbench_infi/storage_blocks,46,906,"0-158,159-239,240-318,319-478,479-718,719-905",0,,True
storage_blocks,/mnt/workspace/InfiData/Rmbench_infi/storage_blocks,47,646,"0-420,421-645",0,,True
storage_blocks,/mnt/workspace/InfiData/Rmbench_infi/storage_blocks,48,722,"0-158,159-284,285-392,393-478,479-558,559-718",3,719-721,False
storage_blocks,/mnt/workspace/InfiData/Rmbench_infi/storage_blocks,49,888,"0-158,159-284,285-420,421-718,719-887",0,,True
swap_T,/mnt/workspace/InfiData/Rmbench_infi/swap_T,0,345,0-343,1,344,False
swap_T,/mnt/workspace/InfiData/Rmbench_infi/swap_T,1,331,0-329,1,330,False
swap_T,/mnt/workspace/InfiData/Rmbench_infi/swap_T,2,347,0-345,1,346,False
swap_T,/mnt/workspace/InfiData/Rmbench_infi/swap_T,3,337,0-335,1,336,False
swap_T,/mnt/workspace/InfiData/Rmbench_infi/swap_T,4,339,0-337,1,338,False
swap_T,/mnt/workspace/InfiData/Rmbench_infi/swap_T,5,345,0-343,1,344,False
swap_T,/mnt/workspace/InfiData/Rmbench_infi/swap_T,6,345,0-343,1,344,False
swap_T,/mnt/workspace/InfiData/Rmbench_infi/swap_T,7,347,0-345,1,346,False
swap_T,/mnt/workspace/InfiData/Rmbench_infi/swap_T,8,358,0-356,1,357,False
swap_T,/mnt/workspace/InfiData/Rmbench_infi/swap_T,9,343,0-227,115,228-342,False
swap_T,/mnt/workspace/InfiData/Rmbench_infi/swap_T,10,335,0-333,1,334,False
swap_T,/mnt/workspace/InfiData/Rmbench_infi/swap_T,11,340,0-338,1,339,False
swap_T,/mnt/workspace/InfiData/Rmbench_infi/swap_T,12,335,0-333,1,334,False
swap_T,/mnt/workspace/InfiData/Rmbench_infi/swap_T,13,345,"0-228,229-343",1,344,False
swap_T,/mnt/workspace/InfiData/Rmbench_infi/swap_T,14,346,0-344,1,345,False
swap_T,/mnt/workspace/InfiData/Rmbench_infi/swap_T,15,345,0-343,1,344,False
swap_T,/mnt/workspace/InfiData/Rmbench_infi/swap_T,16,344,0-342,1,343,False
swap_T,/mnt/workspace/InfiData/Rmbench_infi/swap_T,17,337,0-335,1,336,False
swap_T,/mnt/workspace/InfiData/Rmbench_infi/swap_T,18,336,0-334,1,335,False
swap_T,/mnt/workspace/InfiData/Rmbench_infi/swap_T,19,347,0-345,1,346,False
swap_T,/mnt/workspace/InfiData/Rmbench_infi/swap_T,20,341,0-340,0,,True
swap_T,/mnt/workspace/InfiData/Rmbench_infi/swap_T,21,350,0-348,1,349,False
swap_T,/mnt/workspace/InfiData/Rmbench_infi/swap_T,22,341,0-339,1,340,False
swap_T,/mnt/workspace/InfiData/Rmbench_infi/swap_T,23,345,0-343,1,344,False
swap_T,/mnt/workspace/InfiData/Rmbench_infi/swap_T,24,349,0-347,1,348,False
swap_T,/mnt/workspace/InfiData/Rmbench_infi/swap_T,25,334,0-332,1,333,False
swap_T,/mnt/workspace/InfiData/Rmbench_infi/swap_T,26,344,"0-243,244-343",0,,True
swap_T,/mnt/workspace/InfiData/Rmbench_infi/swap_T,27,353,0-351,1,352,False
swap_T,/mnt/workspace/InfiData/Rmbench_infi/swap_T,28,340,0-225,114,226-339,False
swap_T,/mnt/workspace/InfiData/Rmbench_infi/swap_T,29,345,0-343,1,344,False
swap_T,/mnt/workspace/InfiData/Rmbench_infi/swap_T,30,336,0-334,1,335,False
swap_T,/mnt/workspace/InfiData/Rmbench_infi/swap_T,31,346,0-344,1,345,False
swap_T,/mnt/workspace/InfiData/Rmbench_infi/swap_T,32,342,0-340,1,341,False
swap_T,/mnt/workspace/InfiData/Rmbench_infi/swap_T,33,347,0-252,94,253-346,False
swap_T,/mnt/workspace/InfiData/Rmbench_infi/swap_T,34,342,0-340,1,341,False
swap_T,/mnt/workspace/InfiData/Rmbench_infi/swap_T,35,343,0-341,1,342,False
swap_T,/mnt/workspace/InfiData/Rmbench_infi/swap_T,36,345,"0-228,229-343",1,344,False
swap_T,/mnt/workspace/InfiData/Rmbench_infi/swap_T,37,335,0-333,1,334,False
swap_T,/mnt/workspace/InfiData/Rmbench_infi/swap_T,38,343,0-227,115,228-342,False
swap_T,/mnt/workspace/InfiData/Rmbench_infi/swap_T,39,336,0-334,1,335,False
swap_T,/mnt/workspace/InfiData/Rmbench_infi/swap_T,40,353,0-351,1,352,False
swap_T,/mnt/workspace/InfiData/Rmbench_infi/swap_T,41,347,"0-252,253-345",1,346,False
swap_T,/mnt/workspace/InfiData/Rmbench_infi/swap_T,42,331,0-329,1,330,False
swap_T,/mnt/workspace/InfiData/Rmbench_infi/swap_T,43,341,"0-135,136-248,249-339",1,340,False
swap_T,/mnt/workspace/InfiData/Rmbench_infi/swap_T,44,342,0-340,1,341,False
swap_T,/mnt/workspace/InfiData/Rmbench_infi/swap_T,45,348,0-346,1,347,False
swap_T,/mnt/workspace/InfiData/Rmbench_infi/swap_T,46,336,0-334,1,335,False
swap_T,/mnt/workspace/InfiData/Rmbench_infi/swap_T,47,341,0-339,1,340,False
swap_T,/mnt/workspace/InfiData/Rmbench_infi/swap_T,48,346,0-344,1,345,False
swap_T,/mnt/workspace/InfiData/Rmbench_infi/swap_T,49,344,0-342,1,343,False
swap_blocks,/mnt/workspace/InfiData/Rmbench_infi/swap_blocks,0,621,"0-190,191-619",1,620,False
swap_blocks,/mnt/workspace/InfiData/Rmbench_infi/swap_blocks,1,600,"0-222,223-598",1,599,False
swap_blocks,/mnt/workspace/InfiData/Rmbench_infi/swap_blocks,2,587,"0-478,479-585",1,586,False
swap_blocks,/mnt/workspace/InfiData/Rmbench_infi/swap_blocks,3,596,"0-190,191-594",1,595,False
swap_blocks,/mnt/workspace/InfiData/Rmbench_infi/swap_blocks,4,594,"0-478,479-592",1,593,False
swap_blocks,/mnt/workspace/InfiData/Rmbench_infi/swap_blocks,5,614,"0-478,479-612",1,613,False
swap_blocks,/mnt/workspace/InfiData/Rmbench_infi/swap_blocks,6,599,"0-239,240-478,479-598",0,,True
swap_blocks,/mnt/workspace/InfiData/Rmbench_infi/swap_blocks,7,596,"0-190,191-594",1,595,False
swap_blocks,/mnt/workspace/InfiData/Rmbench_infi/swap_blocks,8,595,"0-190,191-593",1,594,False
swap_blocks,/mnt/workspace/InfiData/Rmbench_infi/swap_blocks,9,604,"0-478,479-602",1,603,False
swap_blocks,/mnt/workspace/InfiData/Rmbench_infi/swap_blocks,10,597,"0-191,192-596",0,,True
swap_blocks,/mnt/workspace/InfiData/Rmbench_infi/swap_blocks,11,590,0-588,1,589,False
swap_blocks,/mnt/workspace/InfiData/Rmbench_infi/swap_blocks,12,585,"0-478,479-583",1,584,False
swap_blocks,/mnt/workspace/InfiData/Rmbench_infi/swap_blocks,13,588,"0-478,479-586",1,587,False
swap_blocks,/mnt/workspace/InfiData/Rmbench_infi/swap_blocks,14,610,"0-478,479-608",1,609,False
swap_blocks,/mnt/workspace/InfiData/Rmbench_infi/swap_blocks,15,595,"0-478,479-593",1,594,False
swap_blocks,/mnt/workspace/InfiData/Rmbench_infi/swap_blocks,16,613,"0-478,479-611",1,612,False
swap_blocks,/mnt/workspace/InfiData/Rmbench_infi/swap_blocks,17,607,0-605,1,606,False
swap_blocks,/mnt/workspace/InfiData/Rmbench_infi/swap_blocks,18,588,"0-190,191-586",1,587,False
swap_blocks,/mnt/workspace/InfiData/Rmbench_infi/swap_blocks,19,587,"0-190,191-382,383-585",1,586,False
swap_blocks,/mnt/workspace/InfiData/Rmbench_infi/swap_blocks,20,607,"0-222,223-605",1,606,False
swap_blocks,/mnt/workspace/InfiData/Rmbench_infi/swap_blocks,21,595,"0-239,240-478,479-594",0,,True
swap_blocks,/mnt/workspace/InfiData/Rmbench_infi/swap_blocks,22,601,"0-190,191-382,383-599",1,600,False
swap_blocks,/mnt/workspace/InfiData/Rmbench_infi/swap_blocks,23,595,0-593,1,594,False
swap_blocks,/mnt/workspace/InfiData/Rmbench_infi/swap_blocks,24,619,"0-190,191-618",0,,True
swap_blocks,/mnt/workspace/InfiData/Rmbench_infi/swap_blocks,25,612,"0-190,191-610",1,611,False
swap_blocks,/mnt/workspace/InfiData/Rmbench_infi/swap_blocks,26,597,"0-190,191-595",1,596,False
swap_blocks,/mnt/workspace/InfiData/Rmbench_infi/swap_blocks,27,610,"0-478,479-608",1,609,False
swap_blocks,/mnt/workspace/InfiData/Rmbench_infi/swap_blocks,28,626,"0-222,223-624",1,625,False
swap_blocks,/mnt/workspace/InfiData/Rmbench_infi/swap_blocks,29,587,"0-478,479-585",1,586,False
swap_blocks,/mnt/workspace/InfiData/Rmbench_infi/swap_blocks,30,596,"0-190,191-594",1,595,False
swap_blocks,/mnt/workspace/InfiData/Rmbench_infi/swap_blocks,31,609,"0-478,479-607",1,608,False
swap_blocks,/mnt/workspace/InfiData/Rmbench_infi/swap_blocks,32,607,"0-478,479-605",1,606,False
swap_blocks,/mnt/workspace/InfiData/Rmbench_infi/swap_blocks,33,594,"0-190,191-592",1,593,False
swap_blocks,/mnt/workspace/InfiData/Rmbench_infi/swap_blocks,34,643,"0-239,240-642",0,,True
swap_blocks,/mnt/workspace/InfiData/Rmbench_infi/swap_blocks,35,593,"0-478,479-591",1,592,False
swap_blocks,/mnt/workspace/InfiData/Rmbench_infi/swap_blocks,36,597,"0-190,191-382,383-596",0,,True
swap_blocks,/mnt/workspace/InfiData/Rmbench_infi/swap_blocks,37,595,"0-239,240-478,479-594",0,,True
swap_blocks,/mnt/workspace/InfiData/Rmbench_infi/swap_blocks,38,593,0-591,1,592,False
swap_blocks,/mnt/workspace/InfiData/Rmbench_infi/swap_blocks,39,615,"0-478,479-613",1,614,False
swap_blocks,/mnt/workspace/InfiData/Rmbench_infi/swap_blocks,40,594,"0-478,479-592",1,593,False
swap_blocks,/mnt/workspace/InfiData/Rmbench_infi/swap_blocks,41,602,"0-478,479-600",1,601,False
swap_blocks,/mnt/workspace/InfiData/Rmbench_infi/swap_blocks,42,594,"0-190,191-592",1,593,False
swap_blocks,/mnt/workspace/InfiData/Rmbench_infi/swap_blocks,43,590,"0-190,191-588",1,589,False
swap_blocks,/mnt/workspace/InfiData/Rmbench_infi/swap_blocks,44,587,"0-125,126-382,383-585",1,586,False
swap_blocks,/mnt/workspace/InfiData/Rmbench_infi/swap_blocks,45,589,"0-190,191-587",1,588,False
swap_blocks,/mnt/workspace/InfiData/Rmbench_infi/swap_blocks,46,598,"0-190,191-382,383-596",1,597,False
swap_blocks,/mnt/workspace/InfiData/Rmbench_infi/swap_blocks,47,592,"0-478,479-590",1,591,False
swap_blocks,/mnt/workspace/InfiData/Rmbench_infi/swap_blocks,48,607,"0-191,192-606",0,,True
swap_blocks,/mnt/workspace/InfiData/Rmbench_infi/swap_blocks,49,607,"0-222,223-414,415-605",1,606,False
